{"corners": [[-17238.302574940222, -11466.54673491568], [17395.767246771524, -11466.54673491568], [17395.767246771524, 17617.673597680863], [10000, 17617.673597680863], [-17238.302574940222, 4000], [-17238.302574940222, -11466.54673491568]], "bounds": [-17238.302574940222, -11466.54673491568, 17395.767246771524, 17617.673597680863]}